2197908097155835,1000,2022-08-07
2199810183747124,1001,2023-12-15
30810168689748,1002,2022-05-19
2199003247528975,1003,2022-12-08
2198011246117073,1004,2022-04-03
31504122966499,1005,2022-10-28
2197007286609471,1006,2023-11-03
31706139200212,1007,2023-06-12
2197208119518682,1008,2022-08-07
2194210283242051,1009,2023-03-01
31904299904904,1010,2022-09-10
31301266368686,1011,2023-01-20
2199311247081898,1012,2022-06-30
2198204231352335,1013,2023-04-22
2197007286609471,1014,2023-03-01
31610081387799,1015,2023-04-22
31711231219899,1016,2023-12-15
